{
  "timestamp": "2026-06-06T09:12:43.201949",
  "cycle": 1,
  "total_earned": 46.80017457561728,
  "capital_sol": 20.4995,
  "capital_usd": 409.99,
  "wallet": null
}