{
  "timestamp": "2026-06-06T11:50:08.185468",
  "cycle": 23,
  "total_earned": 1076.404015239197,
  "capital_sol": 20.4995,
  "capital_usd": 409.99,
  "wallet": null
}